CCL14,SELE
PRLH,RAMP2
MIF,RAMP2
CCL22,RAMP2
CCL17,RAMP2
RETN,RAMP2
PI3,RAMP2
SLURP1,RAMP2
APOC2,RAMP2
UCN2,RAMP2
TFF1,RAMP2
S100A1,RAMP2
DEFB4A,RAMP2
CXCL10,RAMP2
CXCL11,RAMP2
CCL19,RAMP2
TAC1,RAMP2
HMGB1,RAMP2
CCL20,RAMP2
CCL28,RAMP2
CCL8,RAMP2
CCL24,RAMP2
S100A10,RAMP2
CCL16,RAMP2
CCL14,RAMP2
CCK,RAMP2
IL17F,RAMP2
PTMA,RAMP2
CD59,RAMP2
APOC1,RAMP2
CXCL17,RAMP2
PRLH,RAMP3
CCL17,RAMP3
RETN,RAMP3
CCL1,RAMP3
APOC3,RAMP3
PI3,RAMP3
SLURP1,RAMP3
CXCL8,RAMP3
CXCL11,RAMP3
CCL19,RAMP3
DEFB103A,RAMP3
ALKAL1,RAMP3
CCL20,RAMP3
CCL28,RAMP3
CORT,RAMP3
CCL26,RAMP3
CXCL12,RAMP3
APLN,RAMP3
CCL24,RAMP3
S100A10,RAMP3
S100A4,RAMP3
ASIP,RAMP3
CCL5,RAMP3
GUCA2A,RAMP3
CCL18,RAMP3
CCL1,NOTCH2
IAPP,NOTCH2
CCL22,COL13A1
CCL17,COL13A1
SLURP1,COL13A1
DEFB1,COL13A1
DEFB103A,COL13A1
CCL26,COL13A1
NPY,COL13A1
CCL5,COL13A1
CCL14,COL13A1
CCK,COL13A1
APOC1,COL13A1
CXCL17,COL13A1
CCL20,CD63
CCL24,CD63
CCL5,CD63
CCL1,SDC2
CORT,SDC2
CCL7,SDC2
CCL26,SDC2
CXCL12,SDC2
FSHB,SDC2
CCL5,SDC2
CCL14,SDC2
PTMA,SDC2
CCL26,ASGR1
MIF,CAV1
CCL22,CAV1
RETN,CAV1
CCL13,CAV1
CXCL6,CAV1
IL2,CAV1
SELPLG,CAV1
IL4,CAV1
IAPP,CAV1
PI3,CAV1
SLURP1,CAV1
NTS,CAV1
SPX,CAV1
IL36B,CAV1
CCL27,CAV1
LYZ,CAV1
NPFF,CAV1
PROK1,CAV1
CALM2,CAV1
UCN2,CAV1
PTH,CAV1
SST,CAV1
CALM3,CAV1
TFF1,CAV1
S100A1,CAV1
PROK2,CAV1
CXCL5,CAV1
PF4,CAV1
SCGB3A2,CAV1
FABP5,CAV1
DEFB1,CAV1
ARF6,CAV1
DEFB4A,CAV1
CXCL10,CAV1
CXCL8,CAV1
CCL19,CAV1
DEFB103A,CAV1
TAC1,CAV1
PENK,CAV1
EFNA5,CAV1
PTN,CAV1
SLPI,CAV1
HMGB1,CAV1
CALM1,CAV1
CCL20,CAV1
CCL28,CAV1
XCL1,CAV1
S100A8,CAV1
S100A12,CAV1
S100A9,CAV1
EDN2,CAV1
GHRH,CAV1
CORT,CAV1
CCL7,CAV1
CCL8,CAV1
CCL26,CAV1
CXCL12,CAV1
NPS,CAV1
POMC,CAV1
SAA1,CAV1
MDK,CAV1
APLN,CAV1
RLN3,CAV1
CCL24,CAV1
FSHB,CAV1
CALCB,CAV1
CGA,CAV1
S100A10,CAV1
S100A4,CAV1
GNRH1,CAV1
ASIP,CAV1
GALP,CAV1
CCL5,CAV1
GUCA2B,CAV1
B2M,CAV1
GUCA2A,CAV1
INS,CAV1
CCL14,CAV1
CCK,CAV1
CCL15,CAV1
CCL23,CAV1
CCL18,CAV1
XCL2,CAV1
EDN1,CAV1
UTS2B,CAV1
PTMA,CAV1
AMELX,CAV1
CD59,CAV1
APOC1,CAV1
CXCL17,CAV1
CCL14,SDC1
CCL17,PLAUR
CCL26,PLAUR
CCL5,PLAUR
CXCL12,C5AR2
CCL14,C5AR2
CCL22,TNFRSF11B
CCL17,TNFRSF11B
CCL1,TNFRSF11B
IL5,TNFRSF11B
IAPP,TNFRSF11B
PI3,TNFRSF11B
SLURP1,TNFRSF11B
TSHB,TNFRSF11B
INSL5,TNFRSF11B
CCL19,TNFRSF11B
SLPI,TNFRSF11B
CCL20,TNFRSF11B
S100A9,TNFRSF11B
GHRH,TNFRSF11B
CORT,TNFRSF11B
CCL26,TNFRSF11B
CXCL12,TNFRSF11B
FSHB,TNFRSF11B
S100A10,TNFRSF11B
GNRH1,TNFRSF11B
CCL5,TNFRSF11B
SCGB1A1,TNFRSF11B
CCL14,TNFRSF11B
PTMA,TNFRSF11B
PRLH,IL2RA
CCL22,IL2RA
RETN,IL2RA
CCL1,IL2RA
NPFF,IL2RA
PROK1,IL2RA
GPHA2,IL2RA
DEFB1,IL2RA
CXCL8,IL2RA
CXCL11,IL2RA
CCL19,IL2RA
CCL20,IL2RA
CCL28,IL2RA
GHRH,IL2RA
CCL26,IL2RA
CXCL12,IL2RA
NPS,IL2RA
APLN,IL2RA
CCL24,IL2RA
FSHB,IL2RA
CCL5,IL2RA
SCGB1A1,IL2RA
CCL14,IL2RA
CCL15,IL2RA
CCL18,IL2RA
PTMA,IL2RA
APOC1,IL2RA
CXCL17,IL2RA
CCL22,CD53
CCL17,CD53
RETN,CD53
CCL1,CD53
PI3,CD53
SLURP1,CD53
NPFF,CD53
PROK1,CD53
DEFB4A,CD53
CXCL10,CD53
CCL19,CD53
SLPI,CD53
CCL20,CD53
CORT,CD53
CCL26,CD53
CXCL12,CD53
CCL24,CD53
FSHB,CD53
CCL5,CD53
CCL14,CD53
CCK,CD53
PTMA,CD53
CD59,CD53
CCL1,LDLR
SPINK1,KLRF1
CCL19,KLRF1
HMGB1,KLRF1
GHRH,KLRF1
S100A4,KLRF1
B2M,KLRF1
CCL14,KLRF1
PTMA,KLRF1
CCL22,SELL
CCL17,SELL
CCL1,SELL
PI3,SELL
SLURP1,SELL
CXCL13,SELL
CCL11,SELL
CXCL8,SELL
SLPI,SELL
HMGB1,SELL
CCL20,SELL
CCL26,SELL
CXCL12,SELL
FSHB,SELL
S100A4,SELL
CCL5,SELL
CCL14,SELL
APOC1,SELL
CXCL17,SELL
CCL14,SELP
CCL17,SDC4
CCL1,SDC4
IAPP,SDC4
SLURP1,SDC4
PTH,SDC4
CXCL11,SDC4
GAST,SDC4
CCL20,SDC4
CCL26,SDC4
S100A10,SDC4
S100A4,SDC4
INS,SDC4
CCL14,SDC4
CCK,SDC4
PRLH,IL10RB
CCL22,IL10RB
CCL17,IL10RB
PI3,IL10RB
SLURP1,IL10RB
CXCL13,IL10RB
S100A1,IL10RB
PF4,IL10RB
DEFB1,IL10RB
CXCL11,IL10RB
CCL19,IL10RB
SLPI,IL10RB
CCL20,IL10RB
GHRH,IL10RB
CCL26,IL10RB
CXCL12,IL10RB
NPS,IL10RB
APLN,IL10RB
FSHB,IL10RB
S100A10,IL10RB
CCL5,IL10RB
SCGB1A1,IL10RB
CCL14,IL10RB
CCL18,IL10RB
PRLH,KLRK1
MIF,KLRK1
LGALS1,KLRK1
CCL22,KLRK1
CCL17,KLRK1
LHB,KLRK1
CCL2,KLRK1
CCL1,KLRK1
CCL13,KLRK1
CXCL6,KLRK1
APOC3,KLRK1
IL4,KLRK1
SLURP1,KLRK1
TSHB,KLRK1
SPX,KLRK1
CCL27,KLRK1
LYZ,KLRK1
GAL,KLRK1
NPFF,KLRK1
PTH2,KLRK1
PROK1,KLRK1
UCN2,KLRK1
GPHA2,KLRK1
PTH,KLRK1
CXCL13,KLRK1
SST,KLRK1
TFF1,KLRK1
S100B,KLRK1
HCRT,KLRK1
CXCL5,KLRK1
PF4,KLRK1
SPINK1,KLRK1
FABP5,KLRK1
PNOC,KLRK1
CCL11,KLRK1
INSL5,KLRK1
CXCL10,KLRK1
CXCL8,KLRK1
CXCL11,KLRK1
CCL19,KLRK1
TAC1,KLRK1
EFNA5,KLRK1
GAST,KLRK1
CALCA,KLRK1
TAC4,KLRK1
GHRL,KLRK1
CXCL14,KLRK1
SLPI,KLRK1
ALKAL1,KLRK1
CCL20,KLRK1
PYY,KLRK1
CXCL9,KLRK1
EDN2,KLRK1
GHRH,KLRK1
CORT,KLRK1
CCL7,KLRK1
CCL8,KLRK1
CCL26,KLRK1
CXCL12,KLRK1
NPS,KLRK1
NPY,KLRK1
APLN,KLRK1
RLN3,KLRK1
CCL24,KLRK1
FSHB,KLRK1
CALCB,KLRK1
CGA,KLRK1
S100A10,KLRK1
S100A4,KLRK1
GNRH1,KLRK1
ASIP,KLRK1
CCL5,KLRK1
CCL16,KLRK1
B2M,KLRK1
GUCA2A,KLRK1
CD24,KLRK1
INS,KLRK1
SCGB1A1,KLRK1
NPPC,KLRK1
NPPA,KLRK1
ANG,KLRK1
CXCL2,KLRK1
PPY,KLRK1
DEFB106A,KLRK1
CCL14,KLRK1
CCL4,KLRK1
CCK,KLRK1
CCL23,KLRK1
CCL18,KLRK1
TSLP,KLRK1
UTS2B,KLRK1
PTMA,KLRK1
AMELX,KLRK1
CD59,KLRK1
APOC1,KLRK1
ALKAL2,KLRK1
QRFP,KLRK1
CXCL17,KLRK1
APELA,KLRK1
CCL22,CD9
IAPP,CD9
SLURP1,CD9
PROK1,CD9
PTH,CD9
PF4,CD9
CCL20,CD9
XCL1,CD9
GHRH,CD9
CORT,CD9
CCL8,CD9
CCL26,CD9
CXCL12,CD9
NPS,CD9
MDK,CD9
CCL24,CD9
FSHB,CD9
GNRH1,CD9
CCL14,CD9
XCL2,CD9
CCL1,VLDLR
CCL26,VLDLR
CXCL12,VLDLR
CCL14,VLDLR
CCL22,F3
CCL20,F3
CCL26,F3
CXCL12,F3
CCL1,OLR1
GPHA2,OLR1
SPINK1,OLR1
CXCL11,OLR1
HMGB1,OLR1
CCL20,OLR1
CCL28,OLR1
S100A9,OLR1
CXCL12,OLR1
NPS,OLR1
APLN,OLR1
CCL5,OLR1
CD24,OLR1
SCGB1A1,OLR1
CCL14,OLR1
PTMA,OLR1
APOC1,OLR1
CXCL17,OLR1
SLURP1,TNFRSF14
SPINK1,TNFRSF14
CXCL12,TNFRSF14
SCGB1A1,TNFRSF14
CCL14,TNFRSF14
CCK,TNFRSF14
NPFF,RAMP1
SPINK1,RAMP1
UTS2,TNFRSF10C
PRLH,TNFRSF10C
CCL22,TNFRSF10C
CCL17,TNFRSF10C
RETN,TNFRSF10C
CCL1,TNFRSF10C
CCL13,TNFRSF10C
IL2,TNFRSF10C
APOC3,TNFRSF10C
SELPLG,TNFRSF10C
IL4,TNFRSF10C
APOC2,TNFRSF10C
CCL27,TNFRSF10C
MIA,TNFRSF10C
PTH2,TNFRSF10C
PROK1,TNFRSF10C
CALM2,TNFRSF10C
UCN2,TNFRSF10C
PTH,TNFRSF10C
CXCL13,TNFRSF10C
SST,TNFRSF10C
CALM3,TNFRSF10C
TFF1,TNFRSF10C
S100A1,TNFRSF10C
CSF2,TNFRSF10C
DEFB1,TNFRSF10C
CCL11,TNFRSF10C
INSL5,TNFRSF10C
DEFB4A,TNFRSF10C
CXCL10,TNFRSF10C
CXCL8,TNFRSF10C
CXCL11,TNFRSF10C
CCL19,TNFRSF10C
DEFB103A,TNFRSF10C
TAC1,TNFRSF10C
GHRL,TNFRSF10C
SLPI,TNFRSF10C
HMGB1,TNFRSF10C
CALM1,TNFRSF10C
CCL20,TNFRSF10C
S100A8,TNFRSF10C
CORT,TNFRSF10C
NDP,TNFRSF10C
CCL26,TNFRSF10C
CXCL12,TNFRSF10C
NPS,TNFRSF10C
NPY,TNFRSF10C
SAA1,TNFRSF10C
APLN,TNFRSF10C
CCL24,TNFRSF10C
FSHB,TNFRSF10C
S100A10,TNFRSF10C
S100A4,TNFRSF10C
MLN,TNFRSF10C
GNRH2,TNFRSF10C
ASIP,TNFRSF10C
IGFL1,TNFRSF10C
IGFL3,TNFRSF10C
CCL5,TNFRSF10C
GUCA2B,TNFRSF10C
B2M,TNFRSF10C
GUCA2A,TNFRSF10C
CD24,TNFRSF10C
INS,TNFRSF10C
SCGB1A1,TNFRSF10C
NPPC,TNFRSF10C
CXCL2,TNFRSF10C
CXCL1,TNFRSF10C
CCL14,TNFRSF10C
CCL4,TNFRSF10C
CCK,TNFRSF10C
IL17A,TNFRSF10C
CCL15,TNFRSF10C
CCL18,TNFRSF10C
PTMA,TNFRSF10C
CD59,TNFRSF10C
ALKAL2,TNFRSF10C
QRFP,TNFRSF10C
CXCL17,TNFRSF10C
NPFF,BAMBI
DEFB1,BAMBI
CXCL11,BAMBI
CCL20,BAMBI
CCL26,BAMBI
CXCL12,BAMBI
CCL24,BAMBI
S100A10,BAMBI
INS,BAMBI
SCGB1A1,BAMBI
PTMA,BAMBI
CCL22,AGR2
CCL17,AGR2
CCL1,AGR2
SLURP1,AGR2
SPX,AGR2
NPFF,AGR2
PROK1,AGR2
DEFB1,AGR2
TAC1,AGR2
XCL1,AGR2
S100A8,AGR2
CCL26,AGR2
CXCL12,AGR2
NPS,AGR2
CCL24,AGR2
FSHB,AGR2
CGA,AGR2
GNRH1,AGR2
CCL16,AGR2
CD24,AGR2
SCGB1A1,AGR2
CCL14,AGR2
CCK,AGR2
XCL2,AGR2
PTMA,AGR2
APOC1,AGR2
CXCL12,TNFRSF9
APLN,TNFRSF9
PTMA,TNFRSF9
CCL26,TNFRSF13B
CCL5,TNFRSF13B
CCL14,TNFRSF13B
CCL22,CD27
SLURP1,CD27
NPFF,CD27
PTH,CD27
CXCL13,CD27
PROK2,CD27
SPINK1,CD27
DEFB4A,CD27
CXCL11,CD27
CCL19,CD27
DEFB103A,CD27
TAC1,CD27
HMGB1,CD27
CCL20,CD27
XCL1,CD27
S100A8,CD27
GHRH,CD27
CORT,CD27
CCL26,CD27
CCL24,CD27
FSHB,CD27
S100A10,CD27
ASIP,CD27
CCL5,CD27
CD24,CD27
SCGB1A1,CD27
CCL14,CD27
CCL4,CD27
XCL2,CD27
PTMA,CD27
APOC1,CD27
CXCL17,CD27
CCL17,IFITM1
RETN,IFITM1
SLURP1,IFITM1
TSHB,IFITM1
CCL20,IFITM1
CORT,IFITM1
CCL26,IFITM1
CXCL12,IFITM1
NPS,IFITM1
NPY,IFITM1
S100A4,IFITM1
CCL5,IFITM1
APOC1,IFITM1
CXCL17,IFITM1
CCL26,CD81
CCL5,CD81
CCL22,MCFD2
CCL19,MCFD2
CCL20,MCFD2
CCL5,MCFD2
CCL14,MCFD2
APOC1,MCFD2
CCL20,TREM2
CXCL12,TREM2
CCL22,GFRAL
CCL17,GFRAL
RETN,GFRAL
SLURP1,GFRAL
TSHB,GFRAL
NPFF,GFRAL
UCN2,GFRAL
S100B,GFRAL
SPINK1,GFRAL
CCL19,GFRAL
SLPI,GFRAL
HMGB1,GFRAL
CCL20,GFRAL
GHRH,GFRAL
CXCL12,GFRAL
NPS,GFRAL
MDK,GFRAL
CCL24,GFRAL
FSHB,GFRAL
CGA,GFRAL
CCL5,GFRAL
INS,GFRAL
PPY,GFRAL
CCL14,GFRAL
PTMA,GFRAL
PRLH,IL36RN
MIF,IL36RN
LGALS1,IL36RN
CCL22,IL36RN
RETN,IL36RN
CCL13,IL36RN
CXCL6,IL36RN
PI3,IL36RN
SLURP1,IL36RN
APOC2,IL36RN
GRP,IL36RN
MIA,IL36RN
IL21,IL36RN
NPFF,IL36RN
PTH2,IL36RN
PROK1,IL36RN
PTH,IL36RN
SST,IL36RN
TFF1,IL36RN
S100B,IL36RN
HCRT,IL36RN
PROK2,IL36RN
CXCL5,IL36RN
CAMP,IL36RN
INSL5,IL36RN
DEFB4A,IL36RN
CXCL10,IL36RN
CXCL11,IL36RN
CCL19,IL36RN
DEFB103A,IL36RN
TAC1,IL36RN
HMGB1,IL36RN
ALKAL1,IL36RN
CCL20,IL36RN
PYY,IL36RN
CCL28,IL36RN
S100A8,IL36RN
S100A9,IL36RN
EDN2,IL36RN
GHRH,IL36RN
CORT,IL36RN
CCL7,IL36RN
CCL8,IL36RN
CXCL12,IL36RN
NPS,IL36RN
NPY,IL36RN
MDK,IL36RN
CCL24,IL36RN
FSHB,IL36RN
CGA,IL36RN
S100A10,IL36RN
GNRH2,IL36RN
GNRH1,IL36RN
ASIP,IL36RN
GALP,IL36RN
GUCA2B,IL36RN
CCL16,IL36RN
NMB,IL36RN
B2M,IL36RN
GUCA2A,IL36RN
CD24,IL36RN
PPY,IL36RN
CCL14,IL36RN
CCL4,IL36RN
CCK,IL36RN
IL17F,IL36RN
UTS2B,IL36RN
PTMA,IL36RN
AMELX,IL36RN
CD59,IL36RN
APOC1,IL36RN
ALKAL2,IL36RN
CXCL17,IL36RN
PTH,CD151
CCL26,CD151
CXCL12,CD151
CCL14,CD151
CCL24,TSPAN5
CCL26,TSPAN14
CXCL12,TSPAN14
CCL5,TSPAN14
CCL14,TSPAN14
CCL24,TSPAN17
CCL14,TSPAN17
CCL22,KLRG1
DEFB1,SPN
CCL14,SPN
CCL26,F11R
CXCL12,F11R
SLPI,CD48
CCL20,CD48
GHRH,CD48
CCL26,CD48
NPS,CD48
CCK,CD48
CCL22,IL18BP
NPFF,IL18BP
PROK1,IL18BP
UCN2,IL18BP
TFF1,IL18BP
S100A1,IL18BP
SPINK1,IL18BP
CCL11,IL18BP
CXCL10,IL18BP
DEFB103A,IL18BP
GHRH,IL18BP
CCL24,IL18BP
S100A10,IL18BP
GUCA2A,IL18BP
CCL14,IL18BP
PTMA,IL18BP
APOC1,IL18BP
CCL17,TNFRSF4
IAPP,TNFRSF4
CXCL11,TNFRSF4
CCL5,TNFRSF4
CCL19,RPSA
CCL20,RPSA
CCL26,RPSA
CXCL12,RPSA
CCL5,RPSA
CCL14,RPSA
APOC1,RPSA
CCL26,AQP5
CCL26,MARCO
PRLH,TNFRSF12A
CCL22,TNFRSF12A
RETN,TNFRSF12A
CCL13,TNFRSF12A
SLURP1,TNFRSF12A
PROK1,TNFRSF12A
DEFB1,TNFRSF12A
CCL11,TNFRSF12A
CXCL8,TNFRSF12A
CCL19,TNFRSF12A
TAC1,TNFRSF12A
PTN,TNFRSF12A
SLPI,TNFRSF12A
HMGB1,TNFRSF12A
CCL20,TNFRSF12A
CXCL9,TNFRSF12A
GHRH,TNFRSF12A
CXCL12,TNFRSF12A
NPS,TNFRSF12A
APLN,TNFRSF12A
CCL24,TNFRSF12A
FSHB,TNFRSF12A
S100A10,TNFRSF12A
CCL5,TNFRSF12A
INS,TNFRSF12A
PPY,TNFRSF12A
CCL14,TNFRSF12A
CCK,TNFRSF12A
TAC3,TNFRSF12A
XCL2,TNFRSF12A
PTMA,TNFRSF12A
APOC1,TNFRSF12A
CXCL17,TNFRSF12A
CCL20,EZR
CXCL12,EZR
CCL20,MSN
CXCL12,MSN
PROK1,NRSN1
TFF1,NRSN1
CCL11,NRSN1
CCL19,NRSN1
GHRH,NRSN1
CXCL12,NRSN1
CCL24,NRSN1
S100A10,NRSN1
SCGB1A1,NRSN1
CCL14,NRSN1
PTMA,NRSN1
PRLH,GPIHBP1
CCL22,GPIHBP1
CCL17,GPIHBP1
IL2,GPIHBP1
IAPP,GPIHBP1
PI3,GPIHBP1
SLURP1,GPIHBP1
PROK1,GPIHBP1
UCN2,GPIHBP1
GPHA2,GPIHBP1
TFF1,GPIHBP1
S100B,GPIHBP1
DEFB1,GPIHBP1
CXCL8,GPIHBP1
CXCL11,GPIHBP1
CCL19,GPIHBP1
DEFB103A,GPIHBP1
TAC1,GPIHBP1
CXCL14,GPIHBP1
SLPI,GPIHBP1
HMGB1,GPIHBP1
CCL20,GPIHBP1
CCL28,GPIHBP1
GHRH,GPIHBP1
NDP,GPIHBP1
CCL26,GPIHBP1
CXCL12,GPIHBP1
NPS,GPIHBP1
NPY,GPIHBP1
APLN,GPIHBP1
CCL24,GPIHBP1
FSHB,GPIHBP1
S100A4,GPIHBP1
CCL5,GPIHBP1
B2M,GPIHBP1
SCGB1A1,GPIHBP1
NPPC,GPIHBP1
PPY,GPIHBP1
CCL14,GPIHBP1
AMELX,GPIHBP1
APOC1,GPIHBP1
CXCL17,GPIHBP1
CXCL12,FAS
CCL14,FAS
CCL22,CD28
SLURP1,CD28
CXCL12,CD28
FSHB,CD28
CCL5,CD28
SCGB1A1,CD28
CCL14,CD28
PTMA,CD28
DEFB1,PLSCR4
CXCL11,PLSCR4
CCL20,PLSCR4
CCL26,PLSCR4
CXCL12,PLSCR4
CCL5,PLSCR4
CCL22,RACK1
PTH,RACK1
HMGB1,RACK1
CCL26,RACK1
CXCL12,RACK1
NPS,RACK1
PTMA,RACK1
PRLH,IZUMO1R
CCL22,IZUMO1R
PI3,IZUMO1R
SLURP1,IZUMO1R
APOC2,IZUMO1R
TSHB,IZUMO1R
NPFF,IZUMO1R
PTH2,IZUMO1R
PROK1,IZUMO1R
UCN2,IZUMO1R
PTH,IZUMO1R
TFF1,IZUMO1R
S100B,IZUMO1R
PF4,IZUMO1R
CXCL10,IZUMO1R
CCL19,IZUMO1R
DEFB103A,IZUMO1R
SLPI,IZUMO1R
CCL20,IZUMO1R
GHRH,IZUMO1R
CORT,IZUMO1R
CXCL12,IZUMO1R
NPY,IZUMO1R
MDK,IZUMO1R
CCL24,IZUMO1R
FSHB,IZUMO1R
CGA,IZUMO1R
S100A10,IZUMO1R
GNRH1,IZUMO1R
CCL5,IZUMO1R
GUCA2B,IZUMO1R
CCL16,IZUMO1R
B2M,IZUMO1R
GUCA2A,IZUMO1R
CD24,IZUMO1R
SCGB1A1,IZUMO1R
NRG4,IZUMO1R
CCL14,IZUMO1R
EDN1,IZUMO1R
UTS2B,IZUMO1R
PTMA,IZUMO1R
APOC1,IZUMO1R
CCL22,CD247
CXCL13,CD247
SPINK1,CD247
CCL28,CD247
CXCL12,CD247
NPS,CD247
CCL24,CD247
S100A10,CD247
PPY,CD247
CCL14,CD247
PTMA,CD247
UTS2,GJB2
OXT,GJB2
CCL22,GJB2
CCL17,GJB2
CCL13,GJB2
IL2,GJB2
IL4,GJB2
IAPP,GJB2
PI3,GJB2
SLURP1,GJB2
TSHB,GJB2
NPFF,GJB2
PROK1,GJB2
CALM2,GJB2
UCN2,GJB2
PTH,GJB2
CXCL13,GJB2
SST,GJB2
CALM3,GJB2
TFF1,GJB2
S100A1,GJB2
SPINK1,GJB2
CCL11,GJB2
DEFB4A,GJB2
CXCL10,GJB2
CXCL8,GJB2
CCL19,GJB2
TAC1,GJB2
PTN,GJB2
HMGB1,GJB2
CALM1,GJB2
CCL20,GJB2
GHRH,GJB2
NDP,GJB2
CCL7,GJB2
INSL3,GJB2
CXCL12,GJB2
NPS,GJB2
SAA1,GJB2
RLN3,GJB2
CCL24,GJB2
FSHB,GJB2
CGA,GJB2
S100A10,GJB2
S100A4,GJB2
ASIP,GJB2
GALP,GJB2
CCL5,GJB2
GUCA2B,GJB2
B2M,GJB2
CD24,GJB2
INS,GJB2
SCGB1A1,GJB2
NPPC,GJB2
CCL14,GJB2
CCL4,GJB2
CCK,GJB2
TAC3,GJB2
UTS2B,GJB2
AMELX,GJB2
CXCL17,GJB2
RETN,TMED5
TSHB,TMED5
CXCL11,TMED5
CCL20,TMED5
CCL26,TMED5
CXCL12,TMED5
S100A10,TMED5
CCL5,TMED5
CCL18,TMED5
CXCL17,TMED5
PRLH,NCR3
CCL22,NCR3
CCL17,NCR3
RETN,NCR3
CCL2,NCR3
CCL1,NCR3
CCL13,NCR3
CXCL6,NCR3
APOC3,NCR3
CLEC2B,NCR3
SLURP1,NCR3
APOC2,NCR3
TSHB,NCR3
CCL27,NCR3
NPFF,NCR3
PTH2,NCR3
PROK1,NCR3
UCN2,NCR3
GPHA2,NCR3
PTH,NCR3
CXCL13,NCR3
PIP,NCR3
S100A1,NCR3
HCRT,NCR3
CXCL5,NCR3
PF4,NCR3
INSL5,NCR3
DEFB4A,NCR3
CXCL8,NCR3
CXCL11,NCR3
CCL19,NCR3
DEFB103A,NCR3
TAC1,NCR3
PTN,NCR3
HMGB1,NCR3
ALKAL1,NCR3
CCL20,NCR3
PYY,NCR3
CCL28,NCR3
XCL1,NCR3
S100A8,NCR3
S100A9,NCR3
EDN2,NCR3
GHRH,NCR3
CORT,NCR3
NDP,NCR3
CCL7,NCR3
CCL8,NCR3
CCL26,NCR3
CXCL12,NCR3
NPS,NCR3
MDK,NCR3
APLN,NCR3
RLN3,NCR3
CCL24,NCR3
FSHB,NCR3
CGA,NCR3
S100A10,NCR3
S100A4,NCR3
MLN,NCR3
GNRH1,NCR3
IL10,NCR3
ASIP,NCR3
CCL5,NCR3
GUCA2B,NCR3
NMB,NCR3
B2M,NCR3
SCGB1A1,NCR3
PPY,NCR3
CCL14,NCR3
CCL4,NCR3
CCK,NCR3
IL17A,NCR3
CCL23,NCR3
TAC3,NCR3
XCL2,NCR3
EDN1,NCR3
UTS2B,NCR3
PTMA,NCR3
AMELX,NCR3
CD59,NCR3
APOC1,NCR3
CXCL17,NCR3
CCL22,FCER1A
CXCL12,FCER1A
FSHB,FCER1A
CCL17,CD40
SLURP1,CD40
CCL19,CD40
TAC1,CD40
CCL20,CD40
GHRH,CD40
CXCL12,CD40
NPS,CD40
NPY,CD40
FSHB,CD40
S100A10,CD40
CCL5,CD40
CCL14,CD40
CCL19,EDA2R
CCL28,EDA2R
CCL26,EDA2R
CXCL12,EDA2R
CCL24,EDA2R
CCL14,EDA2R
PTMA,LAT
UTS2,CD3G
PRLH,CD3G
MIF,CD3G
OXT,CD3G
CCL22,CD3G
RETN,CD3G
CCL2,CD3G
CCL1,CD3G
CCL13,CD3G
CXCL6,CD3G
IL2,CD3G
APOC3,CD3G
CLEC2B,CD3G
SELPLG,CD3G
IFNG,CD3G
IL4,CD3G
IAPP,CD3G
PI3,CD3G
SLURP1,CD3G
TSHB,CD3G
SPX,CD3G
IL36B,CD3G
CCL27,CD3G
LYZ,CD3G
MIA,CD3G
IL21,CD3G
NPFF,CD3G
PTH2,CD3G
PROK1,CD3G
UCN2,CD3G
RSPO2,CD3G
PTH,CD3G
CXCL13,CD3G
SST,CD3G
PIP,CD3G
TFF2,CD3G
TFF1,CD3G
S100B,CD3G
S100A1,CD3G
SCGB3A1,CD3G
TGFA,CD3G
CXCL5,CD3G
PF4,CD3G
SCGB3A2,CD3G
CSF2,CD3G
DEFB1,CD3G
INSL5,CD3G
DEFB4A,CD3G
CXCL10,CD3G
CXCL8,CD3G
PRND,CD3G
CCL19,CD3G
AGTRAP,CD3G
DEFB103A,CD3G
TAC1,CD3G
GAST,CD3G
TAC4,CD3G
GHRL,CD3G
CXCL14,CD3G
PTN,CD3G
SLPI,CD3G
HMGB1,CD3G
RSPO1,CD3G
RSPO3,CD3G
ALKAL1,CD3G
CCL20,CD3G
PYY,CD3G
CXCL9,CD3G
XCL1,CD3G
S100A9,CD3G
NGF,CD3G
GHRH,CD3G
CORT,CD3G
CCL7,CD3G
AVP,CD3G
CCL25,CD3G
CCL8,CD3G
CCL26,CD3G
SPP1,CD3G
CXCL12,CD3G
NPS,CD3G
NPY,CD3G
SAA1,CD3G
MDK,CD3G
APLN,CD3G
RLN3,CD3G
CCL24,CD3G
EFNA4,CD3G
FSHB,CD3G
CGA,CD3G
S100A10,CD3G
S100A4,CD3G
MLN,CD3G
GNRH2,CD3G
GNRH1,CD3G
IL10,CD3G
KISS1,CD3G
ASIP,CD3G
IGFL2,CD3G
IGFL1,CD3G
IGFL3,CD3G
GALP,CD3G
CCL5,CD3G
GUCA2B,CD3G
CCL16,CD3G
NMB,CD3G
GUCA2A,CD3G
INS,CD3G
SCGB1A1,CD3G
NPPC,CD3G
NPPB,CD3G
NPPA,CD3G
NRG4,CD3G
PPY,CD3G
DEFB106A,CD3G
CCL14,CD3G
CCL4,CD3G
IL17A,CD3G
CCL15,CD3G
CCL23,CD3G
CCL18,CD3G
TAC3,CD3G
XCL2,CD3G
EDN1,CD3G
UTS2B,CD3G
PTMA,CD3G
AMELX,CD3G
CD59,CD3G
APOC1,CD3G
APOC4,CD3G
ALKAL2,CD3G
CXCL17,CD3G
IAPP,KLRC2
CCL14,KLRC2
PRLH,KLRD1
CCL22,KLRD1
CCL13,KLRD1
TSHB,KLRD1
PROK1,KLRD1
PTH,KLRD1
S100B,KLRD1
DEFB4A,KLRD1
CXCL10,KLRD1
TAC1,KLRD1
CCL20,KLRD1
GHRH,KLRD1
CORT,KLRD1
NPS,KLRD1
NPY,KLRD1
GCG,KLRD1
CCL24,KLRD1
FSHB,KLRD1
S100A10,KLRD1
GALP,KLRD1
CCL14,KLRD1
CCL4,KLRD1
CCK,KLRD1
XCL2,KLRD1
UTS2B,KLRD1
PTMA,KLRD1
AMELX,KLRD1
CD59,KLRD1
APOC1,KLRD1
CXCL17,KLRD1
S100A4,KLRC1
CCL22,CLDN4
SLURP1,CLDN4
TSHB,CLDN4
DEFB103A,CLDN4
CORT,CLDN4
CXCL12,CLDN4
NPS,CLDN4
S100A10,CLDN4
CCL5,CLDN4
CCL14,CLDN4
CCK,CLDN4
CCL19,PDCD2
CCL26,PDCD2
CCL22,KLRF2
SLURP1,KLRF2
PTH,KLRF2
CCL20,KLRF2
CCL26,KLRF2
CXCL12,KLRF2
NPS,KLRF2
MDK,KLRF2
CCL24,KLRF2
FSHB,KLRF2
CCL5,KLRF2
CCL14,KLRF2
CCL4,KLRF2
UTS2B,KLRF2
PTMA,KLRF2
APOC1,KLRF2
PRLH,PGLYRP1
CCL22,PGLYRP1
APOC3,PGLYRP1
IAPP,PGLYRP1
SLURP1,PGLYRP1
NPFF,PGLYRP1
PTH,PGLYRP1
CXCL13,PGLYRP1
INSL5,PGLYRP1
CXCL11,PGLYRP1
CCL19,PGLYRP1
DEFB103A,PGLYRP1
TAC1,PGLYRP1
HMGB1,PGLYRP1
CCL20,PGLYRP1
CCL28,PGLYRP1
GHRH,PGLYRP1
CXCL12,PGLYRP1
NPS,PGLYRP1
NPY,PGLYRP1
APLN,PGLYRP1
CCL24,PGLYRP1
FSHB,PGLYRP1
CCL5,PGLYRP1
CD24,PGLYRP1
INS,PGLYRP1
SCGB1A1,PGLYRP1
CCL14,PGLYRP1
CCK,PGLYRP1
CCL15,PGLYRP1
PTMA,PGLYRP1
APOC1,PGLYRP1
CXCL17,PGLYRP1
PRLH,CD74
CCL1,CD74
IL2,CD74
PI3,CD74
SLURP1,CD74
TSHB,CD74
TIMP3,CD74
PTH2,CD74
PROK1,CD74
PTH,CD74
CXCL13,CD74
S100A1,CD74
CSF2,CD74
DEFB1,CD74
DEFB4A,CD74
CXCL10,CD74
CCL19,CD74
SLPI,CD74
HMGB1,CD74
PYY,CD74
CCL28,CD74
CXCL9,CD74
XCL1,CD74
EDN2,CD74
CORT,CD74
CCL7,CD74
CCL26,CD74
CXCL12,CD74
NPS,CD74
CCL24,CD74
S100A10,CD74
S100A4,CD74
MLN,CD74
CCL5,CD74
INS,CD74
ARF4,CD74
CCL14,CD74
CCK,CD74
XCL2,CD74
PTMA,CD74
APOC1,CD74
CXCL17,CD74
PRLH,TNFRSF17
OXT,TNFRSF17
CCL22,TNFRSF17
LHB,TNFRSF17
RETN,TNFRSF17
CCL1,TNFRSF17
CCL13,TNFRSF17
CXCL6,TNFRSF17
IAPP,TNFRSF17
PI3,TNFRSF17
SLURP1,TNFRSF17
APOC2,TNFRSF17
TSHB,TNFRSF17
NPFF,TNFRSF17
PROK1,TNFRSF17
CXCL13,TNFRSF17
SST,TNFRSF17
TFF1,TNFRSF17
S100B,TNFRSF17
S100A1,TNFRSF17
CXCL5,TNFRSF17
PF4,TNFRSF17
FABP5,TNFRSF17
DEFB1,TNFRSF17
INSL5,TNFRSF17
CXCL10,TNFRSF17
CXCL8,TNFRSF17
CCL19,TNFRSF17
TAC1,TNFRSF17
GHRL,TNFRSF17
PTN,TNFRSF17
SLPI,TNFRSF17
HMGB1,TNFRSF17
ALKAL1,TNFRSF17
CCL20,TNFRSF17
PYY,TNFRSF17
CCL28,TNFRSF17
CXCL9,TNFRSF17
EDN2,TNFRSF17
GHRH,TNFRSF17
CORT,TNFRSF17
CCL7,TNFRSF17
CXCL12,TNFRSF17
NPS,TNFRSF17
NPY,TNFRSF17
MDK,TNFRSF17
APLN,TNFRSF17
RLN3,TNFRSF17
CCL24,TNFRSF17
FSHB,TNFRSF17
CGA,TNFRSF17
S100A10,TNFRSF17
ASIP,TNFRSF17
GALP,TNFRSF17
CCL5,TNFRSF17
ARF1,TNFRSF17
CD24,TNFRSF17
INS,TNFRSF17
SCGB1A1,TNFRSF17
NPPC,TNFRSF17
ANG,TNFRSF17
PPY,TNFRSF17
CCL14,TNFRSF17
CCK,TNFRSF17
CCL18,TNFRSF17
TAC3,TNFRSF17
PTMA,TNFRSF17
AMELX,TNFRSF17
CD59,TNFRSF17
APOC1,TNFRSF17
CXCL17,TNFRSF17
CCL14,PROCR
CXCL12,PROKR2
CCL22,CD79A
RETN,CD79A
CCL1,CD79A
PI3,CD79A
SLURP1,CD79A
UCN2,CD79A
SST,CD79A
DEFB1,CD79A
CCL11,CD79A
CXCL10,CD79A
CCL19,CD79A
SLPI,CD79A
CCL20,CD79A
CORT,CD79A
NDP,CD79A
CXCL12,CD79A
NPY,CD79A
FSHB,CD79A
S100A10,CD79A
CCL5,CD79A
B2M,CD79A
CCL14,CD79A
CCL4,CD79A
CCK,CD79A
UTS2B,CD79A
PTMA,CD79A
CXCL17,CD79A
CCL22,TSPAN12
CCL17,TSPAN12
SLURP1,TSPAN12
CCL26,TSPAN12
CCL24,TSPAN12
CCL5,TSPAN12
CCL14,TSPAN12
CCK,TSPAN12
PTMA,TSPAN12
TSHB,PLGRKT
PTH,PLGRKT
INSL5,PLGRKT
CCL19,PLGRKT
CCL20,PLGRKT
CCL28,PLGRKT
GHRH,PLGRKT
APOC1,PLGRKT
CCL22,C1QBP
SLURP1,C1QBP
PROK1,C1QBP
PTH,C1QBP
INSL5,C1QBP
CCL19,C1QBP
SLPI,C1QBP
CCL20,C1QBP
CCL28,C1QBP
GHRH,C1QBP
CXCL12,C1QBP
NPS,C1QBP
FSHB,C1QBP
S100A10,C1QBP
CCL5,C1QBP
GUCA2A,C1QBP
CCL14,C1QBP
PTMA,C1QBP
DEFB103A,CD82
CCL22,CD69
CCL20,CD69
CXCL12,CD69
FSHB,CD69
APOC1,CD69
CCL17,KLRB1
CCL1,KLRB1
APOC3,KLRB1
PI3,KLRB1
SLURP1,KLRB1
TSHB,KLRB1
GPHA2,KLRB1
PTH,KLRB1
CXCL13,KLRB1
TFF1,KLRB1
DEFB1,KLRB1
DEFB4A,KLRB1
CXCL10,KLRB1
CXCL8,KLRB1
CXCL11,KLRB1
CCL19,KLRB1
HMGB1,KLRB1
CCL20,KLRB1
CCL28,KLRB1
CORT,KLRB1
CXCL12,KLRB1
NPS,KLRB1
NPY,KLRB1
CCL24,KLRB1
S100A10,KLRB1
CCL5,KLRB1
SCGB1A1,KLRB1
UTS2B,KLRB1
PTMA,KLRB1
APOC1,KLRB1
CCL5,CLEC10A
CCL14,CLEC10A
CCL26,MIP
CCL17,TYROBP
DEFB103A,TYROBP
CCL20,TYROBP
CCL28,TYROBP
GHRH,TYROBP
CCL26,TYROBP
CXCL12,TYROBP
CCL24,TYROBP
SLURP1,CD80
TSHB,CD80
CCL19,CD80
CCL20,CD80
CCL5,CD80
PTMA,CD80
PRLH,THY1
CCL22,THY1
CCL17,THY1
RETN,THY1
CCL1,THY1
PI3,THY1
SLURP1,THY1
LYZ,THY1
NPFF,THY1
UCN2,THY1
PTH,THY1
S100B,THY1
S100A1,THY1
INSL5,THY1
CXCL8,THY1
CCL19,THY1
CXCL14,THY1
SLPI,THY1
HMGB1,THY1
CCL20,THY1
CCL26,THY1
CXCL12,THY1
NPS,THY1
MDK,THY1
CCL24,THY1
FSHB,THY1
CGA,THY1
S100A10,THY1
ASIP,THY1
CCL5,THY1
B2M,THY1
INS,THY1
CCL14,THY1
CCK,THY1
CCL15,THY1
CCL18,THY1
PTMA,THY1
CD59,THY1
APOC1,THY1
APOC4,THY1
CXCL17,THY1
CCL22,LY96
CCL17,LY96
CCL1,LY96
APOC3,LY96
CLEC2B,LY96
SLURP1,LY96
TSHB,LY96
PROK1,LY96
CXCL13,LY96
S100B,LY96
S100A1,LY96
DEFB1,LY96
INSL5,LY96
CXCL11,LY96
CCL19,LY96
CALCA,LY96
CXCL14,LY96
SLPI,LY96
HMGB1,LY96
CCL20,LY96
EDN2,LY96
CCL7,LY96
CCL8,LY96
CCL26,LY96
CXCL12,LY96
NPS,LY96
CCL24,LY96
FSHB,LY96
S100A10,LY96
S100A4,LY96
ASIP,LY96
IGFL1,LY96
CCL5,LY96
DEFB106A,LY96
CCL14,LY96
CCK,LY96
CCL15,LY96
CCL23,LY96
CCL18,LY96
UTS2B,LY96
PTMA,LY96
AMELX,LY96
CD59,LY96
APOC1,LY96
CXCL17,LY96
CCL22,TNFRSF13C
CCL20,TNFRSF13C
CCL14,TNFRSF13C
CCL22,IL22RA2
PI3,IL22RA2
SPINK1,IL22RA2
CCL19,IL22RA2
GAST,IL22RA2
CCL20,IL22RA2
GHRH,IL22RA2
CORT,IL22RA2
CXCL12,IL22RA2
NPS,IL22RA2
CCL5,IL22RA2
CCL14,IL22RA2
PTMA,IL22RA2
OXT,CD3D
CCL22,CD3D
CCL17,CD3D
RETN,CD3D
IL21,CD3D
SPINK1,CD3D
CXCL10,CD3D
DEFB103A,CD3D
TAC1,CD3D
GAST,CD3D
CCL28,CD3D
GHRH,CD3D
CXCL12,CD3D
NPS,CD3D
CCL24,CD3D
S100A10,CD3D
IGFL1,CD3D
CCL14,CD3D
CCL23,CD3D
CCL18,CD3D
PTMA,CD3D
CCL22,CTLA4
RETN,CTLA4
PTH,CTLA4
INSL5,CTLA4
DEFB4A,CTLA4
HMGB1,CTLA4
CCL20,CTLA4
CCL28,CTLA4
GHRH,CTLA4
CCL26,CTLA4
CXCL12,CTLA4
NPS,CTLA4
APLN,CTLA4
CCL24,CTLA4
FSHB,CTLA4
S100A10,CTLA4
CD24,CTLA4
CCL14,CTLA4
CCL23,CTLA4
PTMA,CTLA4
APOC1,CTLA4
CCL22,GP9
RETN,GP9
CCL13,GP9
SLURP1,GP9
NPFF,GP9
PROK1,GP9
CXCL13,GP9
INSL5,GP9
CXCL10,GP9
CCL19,GP9
TAC1,GP9
GAST,GP9
SLPI,GP9
HMGB1,GP9
GHRH,GP9
CCL8,GP9
CXCL12,GP9
NPS,GP9
NPY,GP9
CCL24,GP9
FSHB,GP9
CGA,GP9
CCL5,GP9
SCGB1A1,GP9
CCL14,GP9
CCK,GP9
PTMA,GP9
APOC1,GP9
LGALS1,ICOS
CCL22,ICOS
CCL17,ICOS
RETN,ICOS
CCL1,ICOS
CCL13,ICOS
IL2,ICOS
APOC3,ICOS
CLEC2B,ICOS
IAPP,ICOS
PI3,ICOS
SLURP1,ICOS
APOC2,ICOS
TSHB,ICOS
IL21,ICOS
NPFF,ICOS
PROK1,ICOS
UCN2,ICOS
RSPO2,ICOS
GPHA2,ICOS
PTH,ICOS
CXCL13,ICOS
SST,ICOS
PIP,ICOS
TFF1,ICOS
S100B,ICOS
S100A1,ICOS
PROK2,ICOS
CXCL5,ICOS
PF4,ICOS
SCGB3A2,ICOS
FABP5,ICOS
DEFB1,ICOS
ARF6,ICOS
CCL11,ICOS
INSL5,ICOS
DEFB4A,ICOS
CXCL8,ICOS
CXCL11,ICOS
CCL19,ICOS
DEFB103A,ICOS
TAC1,ICOS
PENK,ICOS
EFNA5,ICOS
GAST,ICOS
CALCA,ICOS
GHRL,ICOS
PTN,ICOS
SLPI,ICOS
HMGB1,ICOS
CCL20,ICOS
PYY,ICOS
CCL28,ICOS
CXCL9,ICOS
S100A8,ICOS
S100A12,ICOS
NGF,ICOS
EDN2,ICOS
GHRH,ICOS
CORT,ICOS
NDP,ICOS
CCL7,ICOS
CCL8,ICOS
CCL26,ICOS
CXCL12,ICOS
NPS,ICOS
NPY,ICOS
MDK,ICOS
APLN,ICOS
CCL24,ICOS
FSHB,ICOS
S100A10,ICOS
S100A4,ICOS
GNRH2,ICOS
GNRH1,ICOS
ASIP,ICOS
IGFL2,ICOS
IGFL1,ICOS
GALP,ICOS
CCL5,ICOS
GUCA2B,ICOS
CCL16,ICOS
B2M,ICOS
CD24,ICOS
INS,ICOS
SCGB1A1,ICOS
NPPB,ICOS
NRG4,ICOS
PPY,ICOS
DEFB106A,ICOS
CCL14,ICOS
CCL4,ICOS
CCK,ICOS
IL17A,ICOS
CCL15,ICOS
CCL23,ICOS
CCL18,ICOS
TAC3,ICOS
TSLP,ICOS
XCL2,ICOS
EDN1,ICOS
UTS2B,ICOS
PTMA,ICOS
AMELX,ICOS
CD59,ICOS
APOC1,ICOS
CXCL17,ICOS
CCL22,TNFRSF18
CCL17,TNFRSF18
CCL1,TNFRSF18
DEFB1,TNFRSF18
DEFB103A,TNFRSF18
SLPI,TNFRSF18
GHRH,TNFRSF18
CCL26,TNFRSF18
CXCL12,TNFRSF18
MDK,TNFRSF18
CCL18,TNFRSF18
PTMA,TNFRSF18
IAPP,MS4A4A
SLURP1,MS4A4A
CCL26,MS4A4A
CCL20,ADIPOR1
CCL26,ADIPOR1
CXCL12,ASGR2
CCL14,ASGR2
PRLH,CLEC12A
CCL22,CLEC12A
CCL1,CLEC12A
APOC3,CLEC12A
CLEC2B,CLEC12A
APOC2,CLEC12A
NPFF,CLEC12A
PROK1,CLEC12A
UCN2,CLEC12A
CSF2,CLEC12A
FABP5,CLEC12A
DEFB1,CLEC12A
CCL11,CLEC12A
CCL19,CLEC12A
DEFB103A,CLEC12A
CCL20,CLEC12A
GHRH,CLEC12A
CCL8,CLEC12A
CCL26,CLEC12A
CXCL12,CLEC12A
NPS,CLEC12A
CCL24,CLEC12A
CGA,CLEC12A
S100A10,CLEC12A
S100A4,CLEC12A
ASIP,CLEC12A
CCL5,CLEC12A
SCGB1A1,CLEC12A
CCL14,CLEC12A
CCK,CLEC12A
UTS2B,CLEC12A
PTMA,CLEC12A
APOC1,CLEC12A
CXCL17,CLEC12A
CCL20,TECTB
CXCL12,TECTB
CCL24,TECTB
PTMA,TECTB
